{"report_loss": {"_type": "histogram", "values": [195, 113, 30, 95, 94, 61, 60, 40, 28, 353, 25, 15, 24, 14, 3, 0, 204, 107, 51, 21, 98, 170, 72, 65, 8, 2, 1, 2, 5, 16, 16, 12], "bins": [1.1357614994049072, 1.2822318747639656, 1.428702250123024, 1.5751726254820824, 1.7216430008411407, 1.8681133762001991, 2.0145837515592575, 2.161054126918316, 2.3075245022773743, 2.4539948776364326, 2.600465252995491, 2.7469356283545494, 2.893406003713608, 3.039876379072666, 3.1863467544317245, 3.332817129790783, 3.4792875051498413, 3.6257578805088997, 3.772228255867958, 3.9186986312270164, 4.065169006586075, 4.211639381945133, 4.358109757304192, 4.50458013266325, 4.651050508022308, 4.797520883381367, 4.943991258740425, 5.0904616340994835, 5.236932009458542, 5.3834023848176, 5.529872760176659, 5.676343135535717, 5.822813510894775]}, "tuning_loss": {"_type": "histogram", "values": [204, 115, 51, 107, 66, 52, 68, 38, 249, 137, 9, 19, 20, 14, 1, 8, 289, 45, 32, 15, 204, 114, 67, 21, 3, 1, 0, 3, 9, 19, 13, 7], "bins": [1.1561636924743652, 1.304579347372055, 1.4529950022697449, 1.6014106571674347, 1.7498263120651245, 1.8982419669628143, 2.046657621860504, 2.195073276758194, 2.343488931655884, 2.4919045865535736, 2.6403202414512634, 2.7887358963489532, 2.937151551246643, 3.085567206144333, 3.2339828610420227, 3.3823985159397125, 3.5308141708374023, 3.679229825735092, 3.827645480632782, 3.976061135530472, 4.124476790428162, 4.272892445325851, 4.421308100223541, 4.569723755121231, 4.718139410018921, 4.866555064916611, 5.0149707198143005, 5.16338637471199, 5.31180202960968, 5.46021768450737, 5.60863333940506, 5.75704899430275, 5.9054646492004395]}, "best_report_loss": {"layer00": 3.7425655841827394, "layer01": 2.7979068517684937, "layer02": 2.652949666976929, "layer04": 2.5854445934295653, "layer06": 2.6004045963287354, "layer08": 2.670085072517395, "layer10": 2.7759552240371703, "layer12": 2.781050133705139}, "_runtime": 4, "_timestamp": 1620781267, "_step": 0}